<?xml version="1.0" encoding="UTF-8"?>
<project-private xmlns="http://www.netbeans.org/ns/project-private/1">
    <editor-bookmarks xmlns="http://www.netbeans.org/ns/editor-bookmarks/2" lastBookmarkId="0"/>
    <open-files xmlns="http://www.netbeans.org/ns/projectui-open-files/2">
        <group>
            <file>file:/C:/Users/satya/Documents/NetBeansProjects/apple/src/runMain.java</file>
            <file>file:/C:/Users/satya/Documents/NetBeansProjects/apple/src/add.java</file>
            <file>file:/C:/Users/satya/Documents/NetBeansProjects/apple/src/sell.java</file>
            <file>file:/C:/Users/satya/Documents/NetBeansProjects/apple/src/edit.java</file>
            <file>file:/C:/Users/satya/Documents/NetBeansProjects/apple/src/mainscreen.java</file>
            <file>file:/C:/Users/satya/Documents/NetBeansProjects/apple/src/login.java</file>
        </group>
    </open-files>
</project-private>
